video_id	title
1Rh7Zwd7Vx0	对话教育大咖：当AI开始重新定义“能力”，教育还会一样吗？
HqsTB0avrh8	“人类史上最大IPO”：SpaceX靠的不只是火箭了？
cqW_VWYbIcU	谷歌AI的14年、Gemini翻身之战，与视觉理解模型：专访DeepMind前核心科学家Andrew Dai｜Neolabs特辑
ZvHIuIIZ3Is	揭秘数采工厂：稀缺的机器人数据，到底难在哪儿？｜机器人特辑
ppRvzPXGpEw	Token经济学：AI时代的新货币战争
HLJdElh2tFc	“AI弃子”CPU逆风翻盘：英特尔、AMD与ARM意料之外的一场胜利
oU_V5GlHq7I	中国机器人的全球化野心、“踢馆”硅谷，及Physical AI的爆发准备：对话魔法原子
jn_H3vuUC6E	吞噬爱马仕：豪门恩怨、世纪资本恶战与凭空消失的百亿股份
CIDVbaXWp64	硅谷看DeepSeek V4：模型大战、Token Efficiency、算力突围与AGI必经之路【硅谷101视频播客】
7D_8zimKtB4	探秘全球最大私人金库：黄金东移潮、战争、衰退危机与“Plan B”
JGiguIv6m8s	智能体社交革命：AI Agent是怎么来到你我身边的？
8pncy425QqQ	“杭州六小龙”首个IPO、空间智能与AI的下一步：对话群核科技创始人黄晓煌
tzEWYNQmnmc	AI救活了一家马桶公司，也点燃了存储芯片超级周期
kjqOsLdvSFg	Physical Intelligence与机器人开源革命：“免费大脑”背后的四派力量与博弈｜机器人特辑
B3wJuvYjLu0	深度解析2026 GTC：英伟达万亿订单背后的AI大爆发、Token经济学与失衡供应链
HjopX519nXg	英伟达GTC上，迪士尼“复活了”雪宝机器人【101 Shorts】
jnYWv_0MzBw	滑雪金融化困局：“天才商业模式”通票的变革与反噬
9mpazu2K3qU	“最虐运动”HYROX火爆全球：中产的荷尔蒙与上亿美元生意经
CsB4ZYYgHrs	当“老钱”开始玩DeFi：BlackRock如何切入68万亿链上新市场？
SYuSZIIYOfI	全面解析“世界模型”：定义、路线、实践与AGI的更近一步
EwxEwpGvjpY	都2026年了，为什么ASML还在研究“上一代”DUV？
ZDXIUO7CRzo	揭秘春晚小品机器人：与松延动力聊对戏、空翻、仿生背后的技术进化｜机器人系列
18qSqzTdnbs	AppLovin撕开巨头裂缝的1000天：AI审判、被做空与Underdog的“弱者之心”【硅谷101专访】
j13RPyHHCWk	好莱坞的诅咒与Netflix的十年征服史，深扒华纳兄弟收购案始末｜传媒巨头系列
VJgIENvy14k	数据中心上太空？新的泡沫，还是下一个金矿？
thUc2wdtUTY	算法选中的“绿色黄金”：抹茶全球爆火背后的商业逆袭史
Hemlsyob1Ng	CES 2026：探展50个AI项目背后的泡沫、野心与非共识
Xj6W71Gt1-w	探展CES 2026：与吉利聊聊开始“读懂”世界的汽车，与Physical AI的“GPT时刻”【赞助】
g5hw1HZfwTc	机器人“大脑”60年进化史：基础模型的五代进化与三大闭源流派｜机器人特辑
bO6xBjIx9JQ	脑机接口大盘点：从科幻到现实，谁在引领这场“读心术”革命?
dOlQZnjMriI	专访Bryan Johnson：“换血富豪”的“不死”抗衰实验与商业版图
qs0ovkaacls	2025年，人形机器人走到哪一步了？｜机器人系列｜具身智能年度盘点
f41vPIkpYh4	派拉蒙百年兴衰史：80亿卖身甲骨文背后的传媒帝国大洗牌｜传媒巨头系列
hfiI8taHQcg	阿里千问与“AI Layer”崛起：一场重塑互联网的“操作系统”生态战
-_JDc0XYsB4	AI云端狂想曲：亚马逊云科技的算力突围、Agent重构与卓越运营
ChYacMSR-yk	Swatch危机：瑞士钟表的昔日骄傲与美国“野蛮人”
vZ1kAuU_ogw	硅谷教育颠覆者发出警告：AI将淘汰不愿改革的学校｜硅谷101年度线下大会（全英）
reCHpD4yDfQ	AI最烧钱的战场：数据中心的真实账单
2TV2jMaIcak	“人造肉”千亿赛道的坍塌：资本的幻想与精英主义的泡沫
bnIHrenhFpc	AI的下一步：强化学习是正确的AGI解法吗？｜硅谷101年度线下大会｜Alignment 2025
EsaUQNx59vA	专访前FAIR研究总监田渊栋：Meta裁员之后，对AI的一些遗憾与思考【对话】
0mrko3cYqBs	失衡的乌托邦：Meta的开源AI路线是如何遭遇滑铁卢的
zR9tvIE_P-w	给AI一个“身体”：3D数字人是具身智能的解法？｜机器人系列
oX9RYxoX1rs	诺奖得主们的AI用法跟咱们有什么不一样？｜直击AIAS 2025峰会
FueX88st2OQ	美国硅谷是怎么看人形机器人的｜硅谷101年度线下大会｜Alignment 2025（全英）
EUsIYVtt3y0	LMArena：谁是AI之王，凭什么这个评测说了算？
8ndEN6VVlUw	英伟达“两个儿子”之战：AI算力的杠杆游戏与潜在泡沫【深度】｜Coreweave｜Nebius｜Neocloud
7d2QdCv4qNU	穿越热潮周期，硬技术公司的生存之道｜侯晓迪硅谷101年度线下大会演讲（全英）｜Alignment 2025
ukR7dvFWnIQ	AI解决了我的4万封未读邮件｜101 Weekly｜AI应用实验室
7fvQr224cGY	杠杆、垄断和泡沫：解析硅谷万亿资本闭环｜101 Weekly
9RMvKWHgyF8	当机器人学会开可乐：深聊灵巧手的“不可能三角”与六大技术门派｜机器人特辑
MDNtfUTNvb4	走出硅谷，我们去看看国际贸易的“ChatGPT时刻”｜101 Weekly｜AI应用实验室
TYOw0FHxdNQ	预测未来，还是操纵未来？Polymarket的崛起之路与争议【深度】
uLYNDk-QnKg	从爆火Nano Banana，聊谷歌AI多模态五大主线布局 ｜101 Weekly｜AI应用实验室
IarvTAnKRek	与KlingAI聊聊：三次技术进化如何重构全球创意生态｜101 Weekly｜AI应用实验室
sdsiJAyO4Fw	从Perplexity对Chrome发起收购要约，深聊新一轮AI浏览器大战【101对话】
YNhZbVa8RSs	Github的十字路口：并入微软AI，是开源精神的终结吗？|  硅谷101全球创业大赛开启 | 101 Weekly
DFyc0rFBptE	失控的芬太尼：药物滥用背后的权力、金钱与死亡【深度】
u0OQW2fHcb0	Roblox狂飙背后：是元宇宙奇迹，还是儿童安全噩梦？｜101 Weekly
pNDQGI4RFzo	GE Vernova：从“没落帝国”剥离，到AI电力危机下的大赢家 | 101 Weekly
LWT4zTP2DDw	深聊GPT-5发布：过度营销的反噬与AI技术突破的困局
Tzp0EF-sysI	人类会被困在1nm吗？深度解析光刻机与芯片制程的未来【深度】
PM80dmo6WgA	财报季来袭，如何看AI周期的M7科技股？【101Weekly】
LRA7ilkihAI	股价腰斩，跌落神坛的诺和诺德错在哪一步？｜Novo Nordisk｜Eli Lilly｜GLP-1【101 Weekly】
rJyFl91XYjA	“幽灵光标”爆发在即？从OpenAI杀入通用AI Agent，看懂下一个万亿流量之战与四大技术流派｜ChatGPT Agent ｜Manus｜GensPark｜Pokee AI｜UiPath
O1uJI8b4VHA	AI拿下奥数IMO金牌，但数学界的AlphaGo时刻还没来 | 101 Weekly
JeUzINMYtGo	星际之门的烂尾危机：盟友分歧、融资困局与工程死结｜101 Weekly
44skDPOPbgo	金钱堆出的“象牙塔”：美国大学，怎么成了一门生意？【深度】
5V_H6ru9J0g	明星AI独角兽Windsurf被瓜分的背后：资本拉锯、背刺与共识破灭｜101 Weekly
eL115sbCSeA	瑞幸进军星巴克老家：$1.99的生椰拿铁能卷赢美国吗？｜101 Weekly
UFQiMcK6KW4	国际投行的困惑：中国新一轮千亿外卖大战“值得打”吗？｜101 Weekly
HyM3Y8A4hlU	不争总统争“未来”：马斯克“美国党”想振兴的不止美国｜101 Weekly
u0WLX9YNV7w	2025最大科技股IPO：Figma的逆袭与不成熟的AI故事｜101 Weekly
OxFZjxYXBuM	抢夺全球热钱：美股代币化的新“阳谋”与争议 | 101 Weekly
65TkswVEd5Y	从Circle火爆IPO，看稳定币与美元霸权的现代化金融战【深度】
3YRpT_rG8Mc	扎克伯格的“天才名单”：上亿重金能砸出Meta的AI未来吗？｜101 Weekly
nAW_wygNioA	数字时代崩塌的时尚权威与“帝王式主编”神话破灭：时尚女魔头Anna Wintour卸任 | 101 Weekly
0vB4CiIiOYU	“大而美”法案落地，美元、黄金、美股将迎巨变？｜101 Weekly
8uHur4G1ZVI	镜像世界、手机消失、人类爱上AI：“硅谷精神之父”凯文·凯利的2049预言【专访】
F9PMHRilFiw	“AI作弊”公司融资千万：2025年过半，焦虑的资本开始饥不择食了？| 101 Weekly
CulDsi1kbj4	“百镜大战”的尴尬真相：AI成花瓶，拍照才是真刚需？｜101 Weekly
XNoOy1O44kA	马斯克Robotaxi新梦想四部曲：正现金流、吊打Waymo、颠覆Uber及“卖里程”霸主｜101 Weekly
H-G76kecXfY	从追缉本·拉登到AI战争，解密Palantir的崛起之路【深度】
w_sqBdgtIHQ	OpenAI与微软面临决裂？Meta收购Scale AI打响反击战、Labubu爆火的秘密｜101 Weekly
u4K7Iw41jR0	苹果AI困境、特斯拉Robotaxi背水一战和海莉·比伯的10亿美妆战｜101 Weekly
M1LpD1Jvt28	AI语音克隆进入“零样本”时代？解析TTS模型四大流派与问鼎榜首的MiniMax
-85ZV63y9PI	Google I/O 2025：搜索帝国的自我革命与AI翻身仗【线下探会】
h8FTJxGu_hA	枪声背后的信任危机：“病不起”的美国人【深度】
_f2c0eZ-N7M	关税大棒下的苹果：一场全球供应链的迁徙风暴【深度】
3el8ppdGnSk	再聊黄仁勋“量子春晚”：只有混战、没有共识的量子计算界【深度】
AGLzjvykebo	没人能救大众？燃油车霸主转型困局背后的“德国病”【深度】
pdcT2jwXP0s	“再造一个CUDA”：英伟达的第二护城河与“超级碗”阳谋【深度解析GTC 2025】
2PSCnOFkR3U	AI Agent爆发前的黎明：Manus不够好，但天快亮了【深度】
co9aiATA1FU	当AI来到华尔街：对冲基金经理们该担心自己的饭碗吗？
5DMVAqQ-dd8	亲手帮忙装了台量子计算机，量子时代要来了吗？【深度】
-mlOxR8loqU	从顶级媒体辞职创办硅谷101，我们想做什么样的内容？【20万粉丝抽奖Q&A】
b_OpjUz7zN8	硅谷视角深聊：DeepSeek的颠覆、冲击、争议和误解【深度】
CfxuqbB9dj4	傲慢、短视、扼杀创新，垄断巨头英特尔是如何走向倒塌的？【深度】
oet0hNm7ygE	假酷炫还是真需求？深度探展CES 2025的AI、AR与机器人热潮【线下探会】
1MLCFqyEJsA	混乱、分裂、吞并：2024年AI的信仰之战【年终总结】
sKVVl89pv_0	Bill Hwang被判18年：复盘“上帝之手”Archegos的百亿世纪大爆仓【深度】
2ydjTZeFcnM	AI“入侵”生物医疗史：从暴力破解到Transformer模型三部曲
iiHMALZyWyE	ChatGPT两周年：全球AI应用新潮，什么才是正确的产品方向？｜OpenAI SearchGPT、Alibaba Accio、NotebookLM、Meta Movie Gen...
lyAP8bRKUJo	ARM风云史：软银帝国的最后王牌与孙正义的AI“新饼”
S9cQj-SYFtI	万卡集群的AI数据中心，到底是如何运作的？
csHt6O6Tc-w	增长、AI以及领导力：专访Airbnb联合创始人兼CEO Brian Chesky
sQHnT0CJK4g	【重磅预告】我们专访了Airbnb创始人Brian Chesky
3_jOPHJ4Zk4	酷炫背后，华尔街为何不买账？深度解析特斯拉Robotaxi
58bS_-215vI	千亿美元的喧嚣与寒冬后，无人驾驶终于要落地了？
Jy5OozI1zMs	自动驾驶的”端到端“AI新春天：依然分裂、冲突、孤注一掷
0DooF2GGS-4	椰子树、小屁孩、尬舞，Kamala Harris如何用社交媒体给特朗普带来威胁
PSfdilqMxRM	谎言、打压、逐利与权力游戏，波音是如何失去制造骄傲的？
7F_5Z4frQhU	电力公司“倒贴钱”？深聊负电价背后的商业玄机，以及清洁能源的未来
97vn6b2ndJk	震动的艺术：AI音乐大模型背后的技术突破、版权诉讼和资本蛋糕
ESXtVv4L5aI	对话百度李彦宏：AI价格战开打、大模型闭源、超级应用以及中国市场机会｜Full interview with Robin Li, Baidu's CEO
KH5MmQFv-vg	GameStop妖股再起风云：2024年版散户大战华尔街，只是一个人的战斗
oERpVnnl0NQ	平庸且保守，但苹果或是AI落地的最大赢家【深度解读WWDC 2024】
vRUklb-guZ8	筷子夹火箭？星舰成功溅落后，马斯克的下个目标更大胆【专访SpaceX前高管】
5Dw1ZtBKoc0	揭秘硅谷疯狂“抢人”内幕 ：AI精英人均“百万美元”薪酬，业界标配还是谣言？
H9-wmvlW8QI	“loser文化”到“AI数据金矿”：美国贴吧Reddit的19年爱恨史，及它的AI新资本故事｜Gamestop、Wallstreetbets and meme stocks
JaQmSHzjlpY	OpenAI与谷歌多模态重磅更新，生成式AI大战升级第二轮｜GPT-4o、Gemini、Project Astra and more
6vNxFPRdrgs	抢电、圈地、对赌，深聊科技巨头的千亿美元AI能源大战
fk8shOuChyY	与诺奖女科学家聊婚姻、教育和职场，我的人生观受到了冲击（采访完整版）
30BuA94F9pQ	【独家专访】诺奖得主Katalin Karikó：被威胁、冷落和打压40年后，那位“mRNA疯女人”拯救了数亿生命
LyCv2Dm9A1o	【深度】世纪骗局落幕：“加密货币之王”SBF的疯狂人生与FTX帝国的崩塌
uCvqXv_FJtI	英伟达GTC 2024: 绝对霸主的权力与遥远的野心
YCH8yIxmPqc	各方大佬 “大打出手”：Sora是万众期待的“世界模型”吗？(下)
oWO80lkP4bs	从Sora展开，全面解读AI视频大模型发展史（上）
WNw0y2LuZsQ	【开箱】“奇葩周边之王”马斯克：如何“不务正业”地赚上亿美元
lQH1YUjY8fg	【合作】为了成为下一个“硅谷”，香港也是拼了
oOsBRu4gpUs	【情人节特辑】人造vs.天然钻石：钻石的世纪垄断神话破灭了吗？
AMHZ7LAmmVE	超全CES现场探展：“韩国女团”元宇宙、“AI防打鼾”睡枕、“鸡娃神器”... 深度盘点CES 2024最火黑科技产品
rFQRYnNKuVM	史诗级反垄断较量：复盘Epic Games与苹果、谷歌诉讼大战始末
6gosjs_exrU	生成式AI这一年：从群雄混战到生态确立，世界已被改变
oirHm4ov9eo	拉斯维加斯百亿网红球Sphere，承载着"纽约恶人"豪门富二代的继承枷锁与救赎
e3kbgjGrjZQ	代糖致癌？深聊在禁令、政治和金钱之间反复游走的甜蜜革命｜生物科技特辑（2）
PBrjx5ZFqZM	四万亿美元增量机会，亚马逊云科技全面押注企业级生成式AI：更开放、更全面和更“俭约“
yH3S7T93LJ4	Sam Altman回归！聊聊“叛变者”的恐惧与信念：OpenAI技术灵魂人物Ilya Sutskever
RMHavWOK6Ag	聊聊OpenAI奇葩的架构以及董事会冲突（完整版）
D0itLoNiV4s	AI保守派大战激进派，我们细扒了OpenAI董事会每一位成员
CfoF4HBFkKw	为马斯克减重30磅的“司美格鲁肽”：毒蜥蜴，琵琶鱼，41年和数十亿美元｜生物科技特辑（1）
v4-IAzU5PNc	【播客】聊聊中东市场：被两场战争短期加速的创业生态
gyIX0R1fzlU	雨果奖花落中国，科幻如何赋能科技大爆发？2023 Chengdu WorldCon Recap: How Sci-Fi Empowered Technology Breakthroughs?
-D8_AbbcT8Y	“全球市值第三车企”VinFast：越南首富的美国梦，惊叹和荣耀只有16个交易日
UBwHVneGiXs	【硬核】在诉讼与骂名中崛起的英伟达GPU：从未停止过战斗，也没有永远的朋友
6msfr-UPCFU	【对话】东南亚“杀猪盘”起底：博彩、炒楼、诈骗，十年灰黑产是如何演化的？
109Qtuj-SVc	【对话】苹果摄影师揭秘Midjourney：如何像大师一样AI作画
3Blsmf8AoUQ	【深度】聊聊芭比背后的64年商业沉浮
0sceIY67VLI	【盘点】2023上半年最耀眼的AI公司们，泡沫正在堆积吗？（下）
190uTh1S2Aw	【盘点】2023上半年最耀眼的AI公司们，泡沫正在堆积吗？（上）
0ZwlgZCpgyg	【对话】携程梁建章：AI时代的旅游业、教育、人口经济与创新
GNu8uOJNCAE	苹果Vision Pro来了，聊聊科技四巨头的研发与XR行业的兴衰沉浮
dLELvoFt_iA	【深度】聊聊AI机器人为什么发展如此缓慢【有彩蛋哟🎉】
WgjjU37q9LU	【Vlog】96小时沉浸式体验2023巴菲特股东大会｜伯克希尔·哈撒韦年会特辑（3）
uKFErmlIJCM	【深度】聊聊巴菲特如何成为“银行救世主”｜伯克希尔·哈撒韦年会特辑（2）
RiyogPIu508	【深度】聊聊99岁的芒格与巴菲特的四位继承人 ｜伯克希尔·哈撒韦年会特辑（1）【有彩蛋🎉】
mEnhPDCttBs	【深度】OpenAI成长史：顶级资本的冲突与科技大佬们的理想主义
iIx3omM1Wzk	【独家对话】SpaceX星舰空中爆炸，人类却离火星更近了【SpaceX前高管解读Starship发射】
Ld1aY3u9whE	【深度】聊聊OpenAI和出逃的“AI叛徒”们 ｜ChatGPT特辑（3）（结尾有彩蛋哟）
BYJIiATiNYY	【突发】复盘硅谷银行挤兑危机全过程：从“科技圈标配”到倒闭的48小时
OpP089WElrM	【独家采访】ChatGPT与人类未来：AI茧房、安全漏洞与未知的社会形态｜ChatGPT特辑（2）
UQQfsyBm5Qs	【深度】聊聊ChatGPT这一战，科技巨头将重新洗牌 【结尾有彩蛋🎉】｜ChatGPT特辑 (1)
ZLnwwo5P5jM	【深度】聊聊美国巨头都扶不起的直播电商，“中国队”出海能赢吗？ ｜电商出海特辑（3）
B-9HeQ8Wtn8	【深度】中国电商出海20年：从环球资源到兰亭集势、再到Shein，Made in China如何被改变？| 电商特辑（2）Ep.23
cr9T-X7fNgY	【深度】聊聊拼多多Temu: 出海美国的顶级市场营销案例 | 电商特辑（1）Ep.22
upGdHFUkePs	【深度】华尔街顶级投行的世纪败局：孙正义的“白手套”、被Bill Hwang“坑骗”、转型失败、风控失效，瑞士信贷是时代的替罪羔羊吗？Ep.21
bikuUxwHh4g	【独家故事】2000年科技泡沫裁员回忆录
e2hzxGt8FuM	【突发】Meta脸书史上最大规模裁员、扎克伯格道歉，硅谷裁员潮有多糟？
1vcXdc_2cYY	【突发】11月美联储再加息、科技股大崩盘，扎克伯克还要死磕元宇宙？
P4y6JBmLHps	【突发】马斯克收购推特聊天记录曝光：世界首富的瞬间上头或意味着百亿美元惨痛代价
gNQAhE316Nw	【深度】软银“断尾”与孙正义的赌徒人生
UnMm4T9_f-s	【深度】实测马斯克星链计划：如何从一个成功率为0的生意，变成一场太空争霸赛？
npupDsWSUpg	【深度】当“健身”遇上元宇宙，比刘耕宏还要强？
7psA84GHgEM	【重磅】宇宙深处的奥秘，詹姆斯韦伯科学团队解析全彩星空
JDZiRbsl62s	【深度】2022的硅谷寒冬: 估值体系崩塌、泡沫破灭，过去十年发生了什么？
KJ27tsVrMJc	【深度】谷歌的人工智能拥有了灵魂？依恋AI机器人，人类为什么好骗？
CKtKJbXk3Xs	【深度】巴菲特vs.木头姐，注定的周期魔咒 （下）
S8ei-OMMaKk	【深度】巴菲特vs.木头姐，注定周期魔咒 （上）
c7Dcdoi5Io8	马斯克旗下的推特，滑向深渊还是拥抱加密未来？
p2tDQAwIGeE	【深度解析】拉锯中概股，一个时代的结束？
KVMUJ7iVyek	闹翻欧美投资娱乐圈的NFT，是什么？
